Site,Zone,cover,alpha
Fifth Beach,HIGH,24.13219756283238,2.685247375727755
Fifth Beach,LOW,91.3381189653159,3.0702021964734665
Fifth Beach,MID,70.13417987746512,2.955168007184001
North Beach,HIGH,82.30245856134715,2.117458048270736
North Beach,LOW,161.45430043849532,2.8564174109168396
North Beach,MID,72.39641391869591,2.7549143370792035
West Beach,HIGH,19.1153237944833,1.9283048165758194
West Beach,LOW,129.1156710894178,3.1979898431640192
West Beach,MID,71.88712801978905,2.498000319264149
