AICc,dAICc,df,weight
5.518966258652185,0,4,0.967492854559966
12.508650029646347,6.989683770994162,3,0.029366840213543553
17.098113913953352,11.579147655301167,5,0.0029598370370163673
22.69278384215137,17.173817583499186,3,1.8046818947417385e-4
