AICc,dAICc,df,weight
5.418530800128011,0,4,0.9691725566501689
12.526875121468501,7.108344321340491,3,0.02772322507926639
17.020446717163214,11.601915917035203,5,0.0029314134550004175
22.68260125658237,17.26407045645436,3,1.7280481556423706e-4
